4,"User4","User4@ex.com"
5,"User5","User5@ex.com"
6,"User6","User6@ex.com"
7,"User7","User7@ex.com"
8,"User8","User8@ex.com"
9,"User9","User9@ex.com"
10,"User10","User10@ex.com"
11,"User11","User11@ex.com"
12,"User12","User12@ex.com"
13,"User13","User13@ex.com"
14,"User14","User14@ex.com"
15,"User15","User15@ex.com"
16,"User16","User16@ex.com"
17,"User17","User17@ex.com"
18,"User18","User18@ex.com"
19,"User19","User19@ex.com"
20,"User20","User20@ex.com"
21,"User21","User21@ex.com"
22,"User22","User22@ex.com"
23,"User23","User23@ex.com"
24,"User24","User24@ex.com"
25,"User25","User25@ex.com"
26,"User26","User26@ex.com"
27,"User27","User27@ex.com"
28,"User28","User28@ex.com"
29,"User29","User29@ex.com"
30,"User30","User30@ex.com"
31,"User31","User31@ex.com"
32,"User32","User32@ex.com"
33,"User33","User33@ex.com"
34,"User34","User34@ex.com"
35,"User35","User35@ex.com"
36,"User36","User36@ex.com"
37,"User37","User37@ex.com"
38,"User38","User38@ex.com"
39,"User39","User39@ex.com"
40,"User40","User40@ex.com"
41,"User41","User41@ex.com"
42,"User42","User42@ex.com"
43,"User43","User43@ex.com"
44,"User44","User44@ex.com"
45,"User45","User45@ex.com"
46,"User46","User46@ex.com"
47,"User47","User47@ex.com"
48,"User48","User48@ex.com"
49,"User49","User49@ex.com"
50,"User50","User50@ex.com"
51,"User51","User51@ex.com"
52,"User52","User52@ex.com"
53,"User53","User53@ex.com"
54,"User54","User54@ex.com"
55,"User55","User55@ex.com"
56,"User56","User56@ex.com"
57,"User57","User57@ex.com"
58,"User58","User58@ex.com"
59,"User59","User59@ex.com"
